"y","x1","x2","x3","x4","x5","x6","x7","x8","x9","x10"
14.5654604936211,0,0,5.46325328527018,0,-53.1961267688397,-9.86119975018335,0,-7.11280469681323,1,1
11.7178428170135,1,0,2.11467909393832,0,6.31375077571074,2.96172714862601,0,-9.10281615696102,1,1
8.17156432066051,0,1,1.5912682376802,1,0.793010722852688,1.50496979987478,1,-0.723307776381262,0,0
12.2230035760435,0,0,1.90807568375021,1,0.2573543193269,1.25661712182094,1,-5.11834630839061,1,0
11.8140124767713,1,0,6.84823429910466,1,-135.464498725045,-19.9179711117141,1,-5.0591397425835,1,1
11.6525434552052,1,0,5.7919139508158,1,0.391967061365892,-17.5681431017625,1,4.86508710791357,1,0
7.66903147323112,0,0,6.0142698767595,0,0.519953160993227,-19.3974237936042,1,0.928192015411332,0,0
12.3073036915818,0,0,9.43191325757653,1,0.201503407370577,-55.9985175765778,1,-4.97496362131089,1,0
5.08594584299426,0,1,8.30050791148096,0,-277.259988044024,-33.4139209367384,0,-0.983295371523127,0,1
9.20160300919324,1,1,2.10905030136928,0,6.76967874599706,3.00709489030509,0,0.641720383078791,0,1
12.2752272931697,0,0,4.87568767508492,1,-30.6244703645829,-6.36480001087769,1,-5.14537574870279,1,1
16.3515154528791,1,0,9.47276342893019,1,0.504341828193792,-56.5166976924865,0,-5.5509701687023,1,0
0.125620331619575,1,1,2.12943996535614,1,0.441504022310987,0.557049189172706,0,1.87068333849311,0,0
6.04513630756676,0,1,2.21962943905964,1,6.55268161198519,2.81649922268789,1,0.900474238558672,0,1
19.463802133423,0,0,3.72873154934496,1,-4.61144360986812,-1.24921042265908,0,-0.502986171200872,1,1
8.24873921355921,1,0,5.94890831969678,0,-76.3821236665997,-12.8604921688455,1,-9.00521791438758,1,1
3.24971911430612,1,1,1.13587524974719,1,4.33092530175062,3.25617510616828,1,-1.18155992985703,0,1
5.55178431934187,1,1,5.79687947640195,1,0.740130508938478,-18.0588554357541,1,0.947638530167751,0,0
5.45661028683589,1,1,1.68778758263215,1,0.0235638969891282,1.19440020866828,1,-0.948236052994616,0,0
12.1421103929909,0,0,3.84990512393415,1,0.421491570623932,-5.52409022977074,1,-5.12365305622574,1,0
8.8891123851137,0,0,7.48974056448787,0,0.115553981569195,-33.3894840856637,1,-2.67233703676611,0,0
12.2923276860597,0,0,4.75256801815704,1,0.349735398795938,-10.4127241316045,1,5.06242868417874,1,0
12.2938867910675,0,0,2.18595060287043,1,5.54975754975966,2.46954111877704,1,-4.79748816705076,1,1
19.2790635667003,0,0,6.65442548925057,0,-124.221324875748,-18.7158423849988,0,2.64710819450021,1,1
0.0969744326327042,1,1,4.03164056362584,1,-10.0535141640161,-2.52356905832831,1,1.82029244792648,0,1
16.4725133144405,0,0,2.66125756781548,1,5.21003174332185,1.77588067818769,0,6.7327895770669,1,1
12.2916782912629,0,0,6.66797975311056,1,0.188457013758808,-25.3590413777448,1,-4.87776203918504,1,0
11.8298215392572,1,0,6.57968709710985,1,-117.303021950016,-17.9325161041426,1,-5.08490178015083,1,1
9.2599125286336,1,0,5.6635746313259,1,0.0846684581375896,-16.48303007286,1,-3.11193902203813,0,0
11.6777859848697,1,0,7.6832360913977,1,-211.929552317877,-27.6070286396193,1,5.06075016615912,1,1
8.59115196276483,0,0,1.11031980020925,0,0.0367099570383978,2.30486013809178,1,-9.15745481747389,1,0
11.7238389583826,1,0,4.05975393718109,1,-8.85148537122267,-2.29764918936556,1,-4.81575621617492,1,1
2.92975487592488,1,1,4.81931373244151,1,0.328345156094987,-11.0147996376351,1,1.24342378997244,0,0
16.4654926621949,1,0,5.27733514318243,1,-46.6743705591426,-8.87564339045131,0,-5.44614243219793,1,1
12.1181849284982,1,0,7.20740583958104,1,-164.976374990759,-22.8983786893809,1,-5.2476007669419,1,1
9.11020773013283,0,0,4.00124766165391,0,-7.67542017207429,-2.06476551387885,1,9.32861719381809,1,1
3.26332107319722,0,1,8.79108055960387,1,0.342129905330835,-47.8741771547604,1,-1.2082681452157,0,0
9.3330542807128,0,0,5.72503042872995,0,0.0571121181558614,-17.3767589962202,1,-3.30670752461255,1,0
12.2370789720586,0,0,8.45233807573095,1,0.247182758322824,-43.8283622379848,1,-4.93855337149464,1,0
13.3864589361764,1,0,0.857943189330399,0,2.95453069839709,3.23564188193261,0,9.28387696024775,1,1
12.3458219684229,0,0,1.86942238360643,1,0.343732618382169,1.00766428994291,1,-4.83187497649575,1,0
8.70528702718175,1,0,4.74342742469162,0,0.122972491065249,-10.4223903705437,1,2.45809203410754,0,0
17.5339930820669,1,0,7.71913315169513,0,0.569446488506222,-35.2699199543373,0,-4.27552027060837,1,0
12.2873267383107,0,0,4.94812634540722,1,0.00217516975139116,-11.3234601555395,1,-5.03242789483396,1,0
12.2211617881373,0,0,5.51807637093589,1,0.645545033444157,-15.5224372527767,1,-4.7406692442135,1,0
6.34549882357294,1,0,2.85338269080967,0,0.256708737140236,-1.30640263606587,1,7.13771281865239,1,0
18.6855735247904,0,0,7.16585400514305,0,-161.299763292225,-22.5563553995542,0,-2.52296016915888,1,1
4.72257678419616,0,1,4.28102833451703,1,-11.9550784707589,-2.9348591793335,0,1.03004000568762,0,1
8.23346326947889,1,0,9.95544557226822,1,-529.432113230196,-53.2209546771768,1,1.54007099722512,0,1
11.8683094569342,1,0,9.50501501560211,1,0.545141327240551,-57.10985747187,1,4.68655299504288,1,0
9.1839871514723,0,0,0.829222816973925,1,0.647131611216432,2.36401574408582,1,3.12491514970316,0,0
16.6575543346375,0,0,1.57277391059324,1,0.527970229929814,1.790082609998,0,-5.28237689650804,1,0
12.3336174594131,0,0,5.7623404613696,1,-67.2490740307726,-11.7366825062086,1,-4.86252278640168,1,1
9.36716820148773,0,0,4.56895150709897,0,-22.7823676781243,-5.02287647990287,1,-9.4329438162148,1,1
7.53452055846707,0,1,8.06948741432279,1,0.440985835685305,-39.4392031598937,1,0.777177112409845,0,0
11.7091426430813,1,0,6.90182338934392,1,-137.793953505503,-20.0086293106641,1,-4.78766842547338,1,1
9.73550213966136,0,0,4.32083082618192,0,0.566159296237275,-7.91106380428106,1,9.55177419920266,1,0
10.0222823502602,1,0,8.74362053815275,0,0.281639642278373,-47.3610270476112,1,9.64650692985207,1,0
11.0843846871439,1,0,6.04965772246942,0,0.0730671774103577,-19.7185206871144,1,-1.18470406989753,1,0
11.8227654897038,1,0,3.80119341425598,1,-5.17506953554653,-1.52483676126547,1,-5.09048866839381,1,1
16.5234864073222,0,0,6.46808475721627,1,-109.105620261007,-16.885255504661,0,6.66309930019826,1,1
11.7436423707753,1,0,4.83663161750883,1,0.239090371287236,-10.9950155326782,1,5.11363767657429,1,0
11.6529743572618,1,0,9.85722732264549,1,-513.551724229809,-52.1414812403309,1,-4.86653538388899,1,1
9.66574695619464,0,0,9.80618519941345,0,-503.236435469938,-51.3693797092603,1,-3.04258156932145,1,1
12.3991072482181,0,0,4.22739545116201,1,-13.975931624393,-3.3177251682284,1,-4.95556947662728,1,1
2.64788359668066,1,1,9.44921695161611,0,0.900482029122245,-56.5024202397933,0,-1.27893995190971,0,0
8.81233376984254,1,0,2.60234966175631,1,6.19374293949484,2.37123573816678,1,2.60514198043384,0,1
1.3748219423933,1,1,6.96401107124984,1,-143.949607512549,-20.7146586891167,1,1.47799484513234,0,1
17.6833562349956,0,0,7.12988561019301,1,-159.205688959462,-22.3429792268346,0,5.38065885294974,1,1
12.2136439651988,0,0,2.62673829682171,1,6.17496421309024,2.2840428963652,1,5.04901216376573,1,1
7.79520614522413,0,0,8.54318141238764,0,0.226279382049565,-44.969539902252,1,1.07546962711494,0,0
11.8773472401461,1,0,1.12557837739587,1,3.42873782629043,2.92296628239215,1,-5.16803342860425,1,1
12.0653482065403,0,0,3.41528692748398,1,0.83290752506668,0.0776666179897058,1,-5.1814288259577,1,1
6.33766396851182,1,0,9.79291482130066,0,0.212020980750317,-60.8676234735977,1,6.7151240362674,1,0
6.42047844663486,0,0,0.213982630521059,0,1.19927286319614,2.27167114779722,1,6.51865030740201,1,1
10.9468519550418,0,0,3.77987862331793,0,-3.2009469557267,-1.03279406400792,1,-1.2749974559173,1,1
0.615456533746357,1,1,7.36845209961757,1,0.172707577499,-32.2546409960437,1,1.6637333057588,0,0
11.8260012509342,1,0,9.59741674363613,1,-468.122416483928,-48.783879519698,1,4.72429322918877,1,1
4.00092530601511,1,1,1.66110918391496,1,5.71366274944637,3.35334412522115,0,-1.09817535837647,0,1
11.6773907751316,1,0,9.8025398561731,1,0.551397928875544,-61.0572457484146,1,-4.96004991983995,1,0
9.05427180978888,1,1,1.13454486941919,1,4.09620534262792,3.17869555717954,0,-0.650192162254825,0,1
7.35149850390043,0,0,5.63384852139279,0,0.710519168707846,-16.4950978538927,1,-8.50749481368065,1,0
19.2746923047023,1,0,7.48701457167044,0,0.842840576746566,-33.0748149585928,0,2.39394798976183,1,0
12.1822758991479,0,0,7.58107346249744,1,0.326788485809481,-34.0825345731322,1,-5.03640094541479,1,0
9.74097239840611,0,0,3.16012321272865,0,2.48956265256199,0.74529487827844,1,2.92700429082662,1,1
11.7493581507034,1,0,0.475471576210111,1,0.0814534808695384,2.27787907624923,1,5.08185353942215,1,0
12.2222881765774,0,0,6.08435967005789,1,-85.2431110472224,-14.0491400621054,1,-4.79210341432132,1,1
13.8774078605605,1,0,5.38670864421874,1,-49.5895028212725,-9.292223249898,0,-7.6616427757889,1,1
12.1822322760806,0,0,9.09490224905312,1,-385.437872978974,-42.422939586807,1,-4.8444729791861,1,1
4.73389741266208,1,1,8.60677824588493,1,0.406814761810789,-45.5172540060852,1,1.02782839094289,0,0
10.0743064779927,0,0,5.43522413587198,0,-52.1864348615684,-9.72364955339544,1,2.48858449150622,1,1
0.12686931780882,0,1,3.49445709260181,1,-1.99721594072139,-0.724157446425619,1,1.78837782458868,0,1
1.35893787159833,0,1,5.51240361528471,1,-54.3211812126955,-9.95538109166197,1,-1.47592741972767,0,1
1.23903531891083,0,1,1.73362846951932,0,5.32923393605573,3.0644236156713,1,-1.50637792679481,0,1
12.3122308902136,0,0,5.74477159650996,1,-66.7970897796382,-11.6518925851376,1,-5.07422871777555,1,1
6.49965612693109,0,0,7.40612089401111,0,-184.149850868391,-24.8807974110493,1,-6.39934731546044,1,1
12.3012876419443,0,0,9.68951490009204,1,0.401393098518832,-59.8148918015489,1,-5.04890961686615,1,0
0.64346442759906,0,1,8.89144860673696,0,0.122647966526301,-49.1698730147897,1,1.6172057929216,0,0
10.9786835642582,0,0,1.95840735221282,0,0.515613221365831,1.2929415846364,1,1.41977315869927,1,0
11.8113697255333,1,0,3.02310119848698,1,0.481996486523952,-2.0849922915713,1,-5.02529218519805,1,0
12.0063853508049,1,0,3.08165843132883,1,3.70782381842846,1.0404402417378,1,-5.22107619700953,1,1
0.46980576224395,1,1,2.43333732942119,1,6.28851890856139,2.30796217505417,1,1.70489783107769,0,1
19.2048084675657,1,0,0.515235001221299,1,2.07333313707575,2.70527416760162,0,-1.32140035639703,1,1
9.19828142010679,0,0,7.77245067758486,0,-219.81992794893,-28.3157989165228,1,-3.5175425362885,1,1
6.46286329011501,1,0,0.963428269606084,0,3.2122488551473,2.99985514308988,1,-6.62876951406896,1,1
15.9237615398277,1,0,2.66793527873233,0,5.42167849512569,2.00386266877622,0,-5.93177054907382,1,1
4.22933052163222,1,1,3.88992738444358,1,-7.26579069113831,-1.91350223351015,1,-1.07205275935121,0,1
11.6951808432177,1,0,4.35452678706497,1,-15.4076746243316,-3.70229511591865,1,-4.84208684794838,1,1
7.68020085069295,0,1,0.682526656892151,0,0.362842680463119,2.45868027076444,1,0.752991987508722,0,0
8.10878194208449,0,0,1.43461820436642,1,5.46845112289091,3.37807027398506,1,-1.49724129280075,0,1
19.1886953495167,1,0,7.37890534568578,0,0.355719243257015,-32.1849343351089,0,2.84175241001695,1,0
0.980126535443459,1,1,5.64505208749324,1,0.358630287259274,-16.2824621953172,1,1.54680555360392,0,0
18.0506599367791,0,0,2.33560510212556,0,0.266287796801965,0.428842687297555,0,4.88021494456381,1,0
11.8161923618192,1,0,0.711244712583721,1,2.21576968752197,3.00017091105159,1,5.09255976473913,1,1
12.2156028448721,0,0,4.87365340348333,1,-29.1093769145254,-6.0259425430836,1,-4.73964031905634,1,1
2.3564931083497,1,1,7.32787415618077,1,0.0462222442647541,-31.4064788147131,1,1.32058659067843,0,0
17.2982656387911,1,0,7.07215275382623,1,0.048127578472655,-28.8343249954962,0,-4.56427946585417,1,0
8.64614586849899,0,0,7.24513006396592,0,-166.727767518379,-23.023284687203,1,3.89471512389183,1,1
1.99408584492611,0,1,1.71404343098402,0,5.62093665509228,3.16261159431771,1,1.37072443333454,0,1
17.1276902436756,1,0,8.582781360019,0,0.0639739255931939,-45.4784984738332,0,6.10709288258851,1,0
11.865062824425,1,0,0.313681701663882,1,0.199970499890588,2.20565646912358,1,-5.13696025983198,1,0
19.5620805511607,0,0,0.755141470581293,0,2.45763330261855,3.12403451747732,0,0.514439503744244,1,1
7.08842953018192,1,0,6.60201855003834,0,0.803201601600828,-24.8563481605578,1,5.53549335439503,1,0
0.0905278077687334,0,1,3.31405461067334,1,0.128905794945402,-2.90494926957635,1,1.85752896720078,0,0
11.7678953939116,1,0,3.64981411490589,1,0.198467224256575,-4.70070748305127,1,-5.11836007390171,1,0
17.8870096503028,1,0,1.68431622441858,0,5.47839231917354,3.21730884807974,0,-3.85059779874235,1,1
11.6317755314672,1,0,0.790292229503393,1,2.65643204657739,3.1318917791492,1,-4.9516208387306,1,1
7.46507459038842,0,1,2.8068422479555,1,4.62478564708922,1.59330385970389,1,-0.781963748042472,0,1
13.2962972197123,0,0,9.97573961503804,0,-535.357658166958,-53.6793269800134,0,9.35443608657271,1,1
4.02892471975688,1,1,6.63804465904832,1,0.475747277708812,-24.6997683270937,1,1.10328727576416,0,0
19.3241490522543,0,0,6.38622283237055,1,-102.405636908269,-16.0390510380944,0,-1.07209460242838,1,1
0.0156199341988154,0,1,9.05911070294678,1,-381.971433532167,-42.1903891372333,1,-1.97065425710753,0,1
11.9715367970302,1,0,6.08424997888505,1,-84.6397494879278,-13.9388161170478,1,-5.19946014754707,1,1
11.8397068425378,1,0,3.22270319331437,1,0.209559647878999,-2.83552635645541,1,5.10390681155957,1,0
12.2729781427154,0,0,1.42516213702038,1,0.0652526406192588,2.21055105561244,1,-5.03366879170528,1,0
8.78938143097842,1,0,4.92501889355481,0,0.0853789522704303,-11.3787272524189,1,-3.76472125659883,1,0
0.180137820536278,0,1,0.309468137566,1,0.84711205636289,2.45158531385051,1,1.8423625434516,0,1
8.55668953584809,1,0,9.64161076815799,1,-472.172402134855,-49.0256296868402,1,-2.18887130946387,0,1
1.38724894196648,1,1,2.48714042361826,1,5.79992055004695,2.25792425855979,0,1.45575964672025,0,1
17.5188762865714,1,0,3.23874804889783,1,0.17837019762475,-3.06847216606701,0,5.63866230760515,1,0
9.79667565835762,0,1,0.423737256787717,1,1.6529461082724,2.53981224174274,1,-0.598007889813744,0,1
19.3996999192925,1,0,3.37792234029621,1,0.392716649747704,-0.00416480490523062,0,0.655137525022029,1,1
8.45565299193299,0,1,7.87733787903562,0,0.847318098507695,-37.1745009949084,1,-0.691527692019008,0,0
11.6939927900839,1,0,5.77344207558781,1,0.779936685984736,-17.6803221826116,1,-4.79038684392348,1,0
0.525214434586357,1,1,1.0514112142846,1,0.356369336896204,1.89264640533333,1,1.69452802545857,0,0
0.0282515043188012,0,1,9.64987948304042,1,-478.007521343344,-49.6132771629929,1,1.87768449180294,0,1
18.7265124442019,1,0,3.77655015559867,0,0.0581427053998495,-5.31780672181498,0,3.82735649225116,1,0
11.6292207592255,1,0,9.65090601705015,1,-479.905914633386,-49.7423701696072,1,-4.94581017308868,1,1
6.59801736218237,0,0,0.110465437173843,0,1.09865225987813,2.29957486719239,1,-7.83323209165782,1,1
11.1102777828323,0,0,7.42624127538875,0,0.153376005988926,-32.5448451347341,1,-0.912818116053939,1,0
2.73304715604502,1,1,5.49975970061496,0,0.0772416542120886,-15.8659994407304,1,-1.26291253941599,0,0
19.3436042132334,1,0,4.89538674475625,1,0.102454942861473,-11.5743668411086,0,2.08582928971201,1,0
10.9847131718601,0,0,0.832709548994899,0,0.419472636101732,2.35259890465951,1,-1.26537516611815,1,0
12.0941314548673,0,0,7.84239499364048,1,-229.345255250238,-29.302145634491,1,5.13820694738068,1,1
0.100466445398355,0,1,1.37605034513399,0,5.17449895631716,3.60879367600329,1,1.88117505575065,0,1
0.264951018787424,0,1,6.6880429093726,1,0.128678089615103,-25.2570880544623,1,1.78121566015761,0,0
0.0934136809820988,1,1,6.66923171374947,1,-122.83054922288,-18.4204581941383,1,-1.90597616601735,0,1
10.0454637277507,0,0,1.97407881729305,0,0.236813849478249,1.00332700559334,1,2.55992161211371,1,0
11.673797943938,1,0,1.0561811295338,1,3.39631855194632,3.17277162446425,1,-4.86379786512116,1,1
6.22368426155232,0,0,7.12916467571631,0,-160.042183194436,-22.4864851026527,1,7.09984972708672,1,1
11.9200843637584,1,0,6.33321775356308,1,0.196308063149861,-21.9624248234503,1,-5.23070656104712,1,0
7.88050104583732,1,0,6.93794777616858,0,0.60695268221851,-27.5915025480907,1,4.72394281168282,1,0
11.8890026956326,1,0,7.33690303983167,1,0.132263491532212,-31.6141544322333,1,-4.69026687019039,1,0
11.7534031092055,1,0,3.22931963251904,1,0.175834287739101,-2.51761564816501,1,-4.73700085736345,1,0
11.6294544578276,1,0,0.310920868068933,1,0.176070454691227,2.16952942772489,1,-5.06449880609289,1,0
11.791299506992,1,0,2.08008327987045,1,6.23338577703667,2.95131452109745,1,5.12955129809678,1,1
11.653857803656,1,0,1.25099496915936,1,4.40671151654598,3.43776400673774,1,-4.83409190125065,1,1
-0.0510154029411471,1,1,4.01090280385688,1,-7.02191394471053,-1.95679841650329,0,1.92529489868321,0,1
0.370303836336757,0,1,3.78411074634641,1,-3.82120599192921,-1.0315967597339,1,1.76710447086953,0,1
12.324822817692,0,0,6.55839924467728,1,-113.687101068548,-17.3968124686157,1,4.97115079799667,1,1
10.5081000595041,1,1,9.72900403663516,1,-491.334447287924,-50.5227467950172,0,0.553884987835772,0,1
1.10989878744718,1,1,7.94191607274115,0,-236.528434014809,-29.8027774950383,1,1.52214205288328,0,1
12.284270780389,0,0,5.03678133012727,1,-36.1849671394395,-7.20755121979732,1,-5.03005264582345,1,1
4.77080794413524,1,1,3.46325693884864,1,0.0114417955374684,-3.49038352106738,0,1.01496981177479,0,0
10.5806088876152,0,0,2.03832117840648,0,6.75397741587565,2.93494114709664,1,-9.78772376562655,1,1
11.9496236551954,1,0,8.55047722347081,1,-312.489311138138,-36.5864942767522,1,-4.66406790341018,1,1
8.64346995236741,0,1,9.01020120596513,0,0.470459608007819,-50.9863720476394,1,-0.684235747088678,0,0
11.6479736045451,1,0,3.89041908783838,1,0.699395579028265,-5.47619442947263,1,5.05182907317765,1,0
3.36637263469462,0,1,3.98911455878988,0,-8.380111176449,-2.12101638201356,1,-1.17951750208158,0,1
11.7105498329336,1,0,5.07483649300411,1,-38.8039708976784,-7.68685902211479,1,-4.81522027333733,1,1
4.86784683116019,0,1,3.88484493596479,1,0.297729501553117,-5.49870668006223,1,-1.00934843148571,0,0
3.09808743132011,0,1,2.74449173361063,1,5.33667468428815,1.71054955357216,1,1.21372142538894,0,1
9.2189989957132,0,0,4.59637964144349,1,-22.1387674189794,-4.91494781077037,1,3.06936837122776,0,1
9.23613694490151,1,1,1.07026583049446,1,0.31416749531869,1.93965282560393,0,-0.638597918790765,0,0
18.3803741962936,1,0,7.26031261496246,1,-170.563488113933,-23.5074109403831,0,-3.11978721424192,1,1
12.2670304522729,0,0,2.52266624476761,1,5.28835815696462,2.01755128818256,1,4.82070594133809,1,1
9.89902040050215,1,1,6.52462251018733,1,0.086849050742961,-23.5598576282035,0,-0.594472321681678,0,0
6.54292937615788,0,0,6.92694182973355,0,-140.070717159309,-20.2905945046652,1,7.70278151714057,1,1
8.40550095760981,0,0,9.92606967454776,0,0.507807417095759,-63.0247614647872,1,9.08725847125798,1,0
6.74764693964227,0,1,5.41694699786603,1,-49.34722497828,-9.175635468096,1,-0.843706229119562,0,1
11.920155914318,1,0,1.34398275054991,1,0.627113777631078,1.99507335390745,1,-5.18128840118414,1,0
9.24637246277709,1,1,2.80944244237617,1,3.62725982223571,1.1761491758829,1,0.63501714321319,0,1
12.2169522288512,0,0,1.49357627844438,1,0.171644738360495,1.90097261122994,1,-5.08486982542323,1,0
19.4160601352152,1,0,5.58864144142717,1,0.200517119573172,-16.3092390813129,0,-0.289222727447749,1,0
0.332029431785223,0,1,5.97584899049252,1,0.842059010070748,-18.9025132590662,0,-1.70629589899909,0,0
-0.0108420197974186,1,1,8.8898806553334,0,-358.805191857761,-40.3687508870748,0,-1.8794651000062,0,1
7.9076278009282,0,0,4.37897151801735,1,-15.6735324333725,-3.73141486155747,1,1.21263106836705,0,1
10.7895275492181,1,0,6.73653287114576,0,-127.684078976635,-19.0152106714464,1,1.60276674766838,1,1
6.17862006760356,0,0,3.90538225648925,0,-7.13207756037256,-1.83993094898122,1,6.90019047920406,1,1
0.159196105157147,0,1,4.421236529015,1,-16.6410966755,-3.81932557181412,1,-1.80864444258623,0,1
10.6996293269582,1,1,0.103987061884254,1,0.567506978599225,2.25616763965891,1,0.542129332665354,0,0
12.2987592868011,0,0,4.61298807291314,1,0.0631873781681181,-9.51672687318004,1,4.7582050694339,1,0
11.7886214246063,1,0,1.19857565034181,1,4.1142435191542,3.28391269438088,1,-4.74077558172867,1,1
16.1458470856138,1,0,4.77476846426725,0,0.0538181140098176,-10.4132653011439,0,-5.65911708763987,1,0
12.2162872655665,0,0,3.13009859295562,1,3.43872059239718,1.02734200944887,1,-5.08578267869772,1,1
6.25945036935897,0,0,1.44348143599927,0,5.3536680760381,3.12457699768105,1,7.30700775150955,1,1
8.86263937220011,0,1,1.40472042141482,0,5.13431711359027,3.37600744004693,0,-0.668007140979171,0,1
11.9907562344461,1,0,6.69086748501286,1,-123.339257675516,-18.4982266254454,1,-5.19939798885491,1,1
10.7992470589365,0,0,8.37328815599903,0,-288.198403435828,-34.4762858859511,1,1.60873654399812,1,1
8.0535160945209,1,0,1.7567317164503,0,5.34524192265672,2.97376856261734,0,1.43938274789834,0,1
19.5424700794251,1,0,5.55259284796193,1,0.232403011021815,-15.902635236143,0,-0.159804023720325,1,0
6.58707842706078,0,1,1.45200463244691,0,4.8277790685191,3.29628568051542,1,-0.844316783710383,0,1
11.7247911212941,1,0,1.25865388661623,1,4.37116704620629,3.40352695886104,1,-4.86379557664506,1,1
14.898124821744,1,0,3.65483319619671,1,-1.89698408262917,-0.662394942227915,0,-6.82640502593666,1,1
12.310318962396,0,0,4.02451169211417,1,0.0197984616978602,-6.49365832134058,1,-4.93194491024828,1,0
11.8488853049327,1,0,3.27997663756832,1,0.529934226209058,-3.03254510910091,1,-5.13159890642623,1,0
11.7346881268079,1,0,7.8726615011692,1,0.863061167533319,-36.8492226973327,1,-4.75684217181057,1,0
5.70927157195811,1,1,4.72388652618974,0,0.135596433961767,-10.0672285825743,0,0.928318055463023,0,0
11.9518236543066,0,0,3.17066282499582,1,0.0815647525175153,-2.90521382927657,1,-5.23041435760213,1,0
3.23025338647289,0,1,4.58510353695601,1,0.544103294817114,-9.33597270584687,1,-1.20162958116271,0,0
12.2608781160991,0,0,0.936134136281908,1,0.249674610149679,2.14431098532858,1,-5.08981609502574,1,0
8.58852839436711,0,1,8.42622138559818,1,-294.422469024172,-34.9687302378759,1,0.686157220508903,0,1
8.35052319266948,0,0,4.55578593304381,1,0.214829361777286,-9.00641748576188,1,1.87657268577022,0,0
-0.106028074547066,1,1,8.43853117199615,1,-298.257961742317,-35.3608392006491,0,1.96393347147387,0,1
0.715110575912484,1,1,9.13338496349752,1,-393.125964954312,-43.1167566566243,1,1.60741667856928,0,1
11.6797248543563,1,0,0.151261177379638,1,0.372496704311932,2.42820579170866,1,5.06583577959798,1,0
19.0719541588682,0,0,2.66990056494251,1,0.0677467856293579,-0.512363593753621,0,-1.72087007566541,1,0
9.0522879745264,0,0,2.76232218137011,1,5.14996772169515,1.75975236017353,1,2.91277942151064,0,1
3.20877032659604,0,1,5.97594557795674,1,0.325865617087112,-19.0051329285251,1,-1.187142820796,0,0
6.94393375514979,0,0,7.06108260666952,0,0.1490955539483,-28.5925912142911,1,5.74044930384308,1,0
12.2312791253871,0,0,3.60587241593748,1,0.510255488643717,-4.07613216131434,1,-4.75143549072789,1,0
11.7226610112136,1,0,8.86657966533676,1,0.534877248225843,-49.2146373702441,1,-4.78665711247828,1,0
15.5770644217917,0,0,8.40479949023575,1,-293.742926450502,-34.9578472264946,0,-6.21294956087321,1,1
8.60100793940165,0,0,0.960914851166308,1,3.51334690293524,3.43065523660459,1,2.28351911015343,0,1
9.06221575292909,1,1,9.02955630328506,1,-379.019837696966,-42.0230501301395,1,-0.65380891750101,0,1
2.40400899942777,1,1,0.959978029131889,1,3.59686254189305,3.04414323899958,1,1.30850330472458,0,1
13.6507085466401,0,0,4.89043733803555,1,0.47119611264758,-11.2239165794564,0,-7.79575492154062,1,0
11.8012790007552,1,0,1.63933409843594,1,6.0222220104711,3.17901020311506,1,5.08328957820311,1,1
7.27552406205878,1,1,7.71415027789772,1,-214.708331805799,-27.8342457335093,1,-0.794799491064623,0,1
1.58542478491184,1,1,3.63019777694717,0,-1.85896078130662,-0.629534197049374,1,1.439664803911,0,1
5.40896651631539,1,1,4.56018353579566,0,0.824475382679361,-9.24835429582687,0,0.9615343461046,0,0
12.3004190834031,0,0,5.64263420877978,1,-60.308398845366,-10.7020530134332,1,4.81907824028283,1,1
12.178635684342,0,0,7.49017869355157,1,-191.234053031581,-25.5874825976445,1,-4.71084684061119,1,1
4.67387209299287,0,1,5.02461942844093,1,0.561487301730878,-12.160273080075,1,1.02718754974194,0,0
0.220269543067225,1,1,1.19100305018947,1,0.815551877822518,2.28223043818375,1,-1.74370036961045,0,0
10.3328573542238,1,0,7.37121663521975,0,-180.326858172664,-24.4909920234587,1,-2.22964572153241,1,1
10.2167167998833,0,0,3.9837107877247,0,0.343519651151775,-6.16636143132968,1,2.31270521049201,1,0
12.3056286505301,0,0,1.07869354309514,1,3.83737182252402,3.18510036489488,1,-4.76434448088752,1,1
8.43616563429088,1,1,1.74904332263395,1,5.62328464978729,2.99238885154069,1,0.700838634511456,0,1
19.5146802180228,0,0,5.82396742422134,1,-70.1406922425608,-12.1841916430852,0,1.15299311567843,1,1
9.18165834493207,0,0,2.69507945282385,1,0.574325514867836,-0.782053473588171,1,3.14653506927425,0,0
0.138018359514301,1,1,1.32817581994459,0,0.234787254978539,1.85138428050335,1,1.82651787670329,0,0
8.48387447699949,1,0,9.37835429096594,0,0.456954158287,-55.6029206522976,1,4.10944562041014,1,0
17.1077442967207,0,0,0.425295622553676,1,1.71109601805823,2.9122932400287,0,-4.79620649843663,1,1
10.5014411019621,0,1,8.41864137910306,1,-294.75262199272,-35.0210057321652,1,0.550902207265608,0,1
10.7587180091059,0,1,7.51872851513326,0,-196.720827675749,-26.1750517793478,1,0.537175845121965,0,1
1.81823046080334,1,1,5.3775834501721,0,0.115017394634858,-14.6850586593638,1,-1.3878202297492,0,0
11.9309829259903,1,0,9.76507341722026,1,0.526083663134427,-60.6358047883691,1,5.16588618561626,1,0
10.8342180152854,1,0,6.39852580614388,0,0.466293177180881,-23.1519192258923,0,-9.60125284633786,1,0
5.14220492957658,0,1,7.53775756107643,1,0.0855181922649293,-33.6267557925734,1,-0.987952111754566,0,0
0.913452170363887,1,1,8.56023824075237,0,-313.328396386488,-36.6487028750161,1,1.55991278542206,0,1
19.5313613618238,0,0,8.02578463684767,0,0.544841734934107,-38.9018913124598,0,1.46271041695774,1,0
12.1140007186086,0,0,8.86610430432484,1,0.341710054840108,-48.4807861065951,1,-4.73390522695379,1,0
11.7390998551988,1,0,7.9920017067343,1,0.419894923821689,-38.7584494775769,1,-4.80954866659827,1,0
0.132241546592461,0,1,5.06984282052144,1,-37.2286744894843,-7.40041935973034,0,1.86026723613031,0,1
10.5469081022448,1,0,1.95179568603635,0,6.10297892561582,2.9106459857723,1,9.81007321373373,1,1
11.9645453042161,0,0,6.49475053418428,1,0.606025283773404,-23.8689509143037,1,-5.22606701328419,1,0
11.6892520163392,1,0,1.19417987763882,1,0.213219677105096,2.31874506549132,1,-4.98445999949705,1,0
11.6369412745841,1,0,1.48527614539489,0,0.808051203780316,2.19742732464168,0,-9.15211595493555,1,0
8.71513602168686,0,0,8.58609160175547,1,0.762475291508657,-45.5665646565759,1,-2.4811594448518,0,0
11.6429360023189,1,0,2.02425177674741,1,5.8608848789186,2.87892187268532,1,-4.98449622226879,1,1
16.3085911669478,1,0,7.41847522323951,0,0.257365742038368,-32.2821169061657,0,7.00275922295451,1,0
12.1983181898723,0,0,5.32184106530622,1,-47.8383505913297,-9.05276143267377,1,-4.8134355108114,1,1
0.0156544116476489,1,1,3.04096456151456,1,3.28316954311902,0.995821931434432,1,-1.95974529290106,0,1
8.07965424512317,0,0,8.62486386671662,0,0.250193371857547,-45.5526925795644,1,-8.95367915640771,1,0
5.16135040926817,0,1,5.89239935157821,0,0.075300934142553,-18.8903277020555,0,0.984140033717267,0,0
12.3501584743614,0,0,6.87935711350292,1,-139.45435224055,-20.3173749172405,1,-5.04647405593656,1,1
12.3007179521916,0,0,5.77716575469822,1,-67.9355269433082,-11.8936884367212,1,4.99329009570181,1,1
13.8457987512201,0,0,0.0129417609423399,0,0.228055882089019,2.10399492122339,0,-7.55261891885847,1,1
3.32314802996546,0,1,4.91594053804874,0,0.395986548448765,-11.6174191129173,1,1.18173261138145,0,0
11.7770583392688,1,0,1.91818123916164,1,6.13206421222075,3.04960258316253,1,-5.13375328418799,1,1
0.117859367200297,0,1,9.44438997423276,1,-443.039937430054,-46.9238766572586,0,-1.87493733665906,0,1
9.09209426695643,1,0,5.2343984390609,0,-44.478899190978,-8.52906223467141,1,-3.52155690445751,1,1
11.7054842982987,1,0,3.38399433996528,1,1.11403112496035,0.286971494268951,1,-4.81711908358149,1,1
12.2741929676572,0,0,8.58852740610018,1,-318.316316341552,-37.0700610152679,1,-5.03079909054097,1,1
12.2158058590482,0,0,0.574371428228915,1,0.307350402484629,2.11105983344031,1,5.13278052883223,1,0
12.4492620440192,0,0,4.26856604870409,1,0.137782526634163,-7.62697105586123,1,-4.85538881858112,1,0
11.1167477484993,0,0,5.78211250714958,0,0.650457321573195,-17.7736798833594,1,-0.809415740810335,1,0
1.12299351935555,0,1,5.79949563834816,1,-67.0205259045042,-11.6746535159642,1,-1.5197997558862,0,1
12.2604726145976,0,0,8.99152072379366,1,0.0845061005527875,-50.0936587597109,1,4.67525225544348,1,0
12.0329853540246,0,0,6.62476312601939,1,-115.455016420687,-17.5265963460129,1,-4.65078131554648,1,1
0.223318130862731,0,1,4.96670776745304,1,0.0403433844803765,-11.4413116231725,1,1.8088389338227,0,0
6.27825998274928,1,0,0.702483793720603,0,2.93037064946638,2.90912353204209,1,6.84571244389564,1,1
12.2559599868976,0,0,2.06218066392466,1,6.61019046291244,3.08717496500742,1,4.98773156313226,1,1
8.65943929078464,0,0,1.3243039092049,1,4.62279330478531,3.24114870106838,1,2.35129636181518,0,1
0.320323645364589,1,1,2.81156123615801,1,3.65662871834945,1.25609982817963,1,1.72001456550788,0,1
11.9179656331696,1,0,5.29148671077564,1,0.488157568373679,-14.2533772202484,1,-4.69942690260941,1,0
5.78277931905515,0,1,6.56878707930446,1,-116.416264348022,-17.7539863006671,1,-0.925474051618949,0,1
0.114274566147882,1,1,6.93671711254865,1,0.168960883340697,-27.429915790085,1,-1.82454634550959,0,0
12.3138592861607,0,0,6.6498308815062,1,-123.234327842417,-18.6003181245592,1,-4.82378551742528,1,1
12.2732435685851,0,0,7.32540501048788,1,0.572563340651245,-31.4608381795843,1,-5.08942509440472,1,0
12.285267315265,0,0,1.31785860517994,1,4.29569130805195,3.14636221573513,1,4.87771617115475,1,1
10.4751136483247,0,1,3.75477733789012,0,0.570315652099335,-5.29524307756776,1,0.549362492165528,0,0
14.1132423440191,1,0,4.63356618536636,1,-21.6191386858713,-4.6894107387968,0,8.7733290540874,1,1
12.4014431861626,0,0,4.78357340442017,1,-27.0623964476251,-5.75755890083698,1,-5.04385315755848,1,1
2.64456151140444,1,1,4.54669300699607,1,-19.3075121185559,-4.27251892762595,1,1.27278809738345,0,1
19.0259056008989,1,0,2.44549020193517,0,6.14112877600604,2.38325734994173,0,3.04749633752555,1,1
4.99146248804964,1,1,6.32052295375615,0,-97.4449656537826,-15.4944392110014,1,1.00564256613143,0,1
12.2024709509188,0,0,9.11771453917027,1,-392.376349108677,-43.0651086064075,1,-4.75733945938526,1,1
0.124249317406024,1,1,6.87771888216957,1,-139.148989117999,-20.3136297867663,1,-1.88911067147274,0,1
13.6141385249954,1,0,8.31024795072153,0,0.37394348979156,-42.4147512929302,0,-7.90218139431626,1,0
11.8413296395594,1,0,0.0542050506919622,1,0.398926759776356,2.15452685251276,1,-4.76814622625709,1,0
12.0452121172993,0,0,8.12810102244839,1,0.00745115303227318,-39.8443648525374,1,-5.20858881933615,1,0
0.571811938074764,1,1,7.17072892002761,0,-163.813196440507,-22.8871187513439,0,-1.66570678330027,0,1
12.305848475171,0,0,1.50691150687635,1,0.51400289102904,1.80708309761836,1,-4.94740673689637,1,0
7.19773512732027,1,1,9.86810575705022,1,0.323919009508693,-62.0710152029647,1,0.796209910768084,0,0
0.230119125588048,1,1,6.32159636355937,1,0.121148744631695,-21.9400145956337,0,-1.81693170988001,0,0
11.6913858293137,1,0,7.58545263204724,1,0.720571609592049,-33.8974172617565,1,4.98754378209822,1,0
11.5928083916174,1,0,8.9159117359668,1,0.397013571590093,-49.6965601767542,1,-4.88445078243967,1,0
18.1070840963485,0,0,6.37508015381172,0,0.120966264638959,-22.9178025112315,0,-3.57004822130501,1,0
13.3611837875055,0,0,5.7203329843469,1,-65.5473716244081,-11.5529753271404,0,-8.04385718788207,1,1
19.2025171252692,0,0,3.85303952731192,0,-6.88120298769582,-1.80421412195084,0,2.62522264950722,1,1
5.68826916174426,0,1,9.78825144004077,1,-499.888871833959,-51.1115262036233,1,0.933384506264701,0,1
19.063505605075,0,0,9.74506132537499,0,0.498627580083101,-60.2690058885712,0,2.95300837241858,1,0
7.03616449724455,0,1,3.29919500276446,1,0.43537870684605,-3.03393688299107,1,-0.805020440020598,0,0
0.0622396043314036,1,1,5.21426607156172,1,0.236724505851483,-13.8629721351134,1,1.98003309580963,0,0
11.6911056925807,1,0,0.969710401259363,1,3.53331285640153,3.20660837144683,1,-4.81797206124291,1,1
8.68222281228377,1,0,0.102202463895082,0,0.414378391207537,2.28344448204334,1,3.90491232377291,1,0
7.57061997922047,1,0,1.11387499142438,0,0.202289974839369,2.25656228553532,1,8.63017634124309,1,0
3.22966388341211,0,1,6.75094565143809,1,-129.68588708531,-19.2903262648349,1,1.19652675604448,0,1
9.27125095359151,0,0,0.71853143395856,0,2.29616813087661,2.88909609326409,0,-3.22434084007982,0,1
11.7835939412458,1,0,5.95432531554252,1,0.505102108267699,-18.7507333259137,0,-9.08363064649701,1,0
11.3314442114742,0,0,7.13552636792883,1,0.549767779845922,-29.5316450830156,0,-9.31515403456241,1,0
13.4666718554766,0,0,0.046227709390223,0,0.281594362526271,2.03640949223854,0,9.33176480800658,1,1
19.6076046386575,0,0,4.01018504984677,1,0.227066197518328,-5.95824674452747,0,0.0763566429615015,1,0
8.79910461534977,0,0,2.99246560316533,0,2.9993560232253,0.983809865217362,1,3.83752785724401,1,1
11.6187271880407,1,0,6.88397659687325,1,0.328486502565914,-27.0745194586647,1,-4.91834536713548,1,0
0.119910586034867,1,1,6.02442602394149,0,-80.9948364346776,-13.5646940533357,1,-1.99087111244444,0,1
8.10917663717923,0,1,2.48197094304487,0,0.675196785285138,-0.159623772218228,1,0.721011669957079,0,0
12.1743953922129,0,0,9.53737132018432,1,-458.637698292403,-48.1118862489259,1,-4.70942665421404,1,1
18.8240365697165,1,0,9.88268576329574,1,0.350750222143062,-62.2986437338922,0,-2.24719903330505,1,0
4.31836256768179,0,1,9.4437912828289,1,-443.871771736271,-47.0139153172411,0,1.06814820168074,0,1
8.32897549239995,0,0,9.87603795016184,1,0.0472212201853498,-62.2288578062497,0,-1.89442159358878,0,0
11.7156905325369,1,0,6.76453837193549,1,-129.650566447598,-19.194630178645,1,-4.95880957289599,1,1
19.0477450492649,0,0,1.79427343420684,1,0.402757297592095,1.37978267261421,0,-1.91180750160664,1,0
6.31515467046079,0,0,7.00394092593342,0,-148.43822517206,-21.2153124330014,1,6.70721710760891,1,1
0.474993535735936,1,1,6.45955744432285,1,0.601613627986001,-22.7744395745993,1,1.69142466422636,0,0
10.9120408019216,0,1,5.79529287293553,1,-67.948686720533,-11.775449071322,0,0.527949143550359,0,1
11.764828794032,1,0,8.86916050920263,1,-353.452787581217,-39.8805564286634,1,-5.06014123869361,1,1
8.89706432304775,0,0,7.31114117661491,1,0.0450086327780349,-31.1252149129592,1,2.69295519656735,0,0
12.0816092493317,0,0,4.38117443351075,1,-17.2575124856898,-4.05154004662994,1,-4.67540585962823,1,1
12.3583122035822,0,0,6.32910492829978,1,0.182436332441886,-21.8220236586332,1,-4.99221531861695,1,0
4.81822943635885,0,1,3.93641970353201,1,-6.89067314583522,-1.8516235285912,1,1.01459043915384,0,1
9.4533522436064,1,1,7.0818916708231,1,0.366466664363498,-29.0371946659873,0,0.620732783456333,0,0
12.3159115693737,0,0,5.02621302613989,1,-36.1020394557559,-7.28522564068468,1,-4.93759864093969,1,1
6.92032316091184,1,1,5.46799782896414,1,0.301044027609554,-15.2150605867114,0,0.821064782561734,0,0
8.63022562525184,1,0,3.83903086418286,0,0.114442968041617,-5.08237925708025,1,3.96988813866675,1,0
10.9255737101262,1,1,9.59017358720303,1,0.135085343519385,-57.8901502191376,0,0.517171377083287,0,0
7.87555405527542,0,0,5.20895228954032,0,-42.3319757080255,-8.25305801766079,1,4.70397401236743,1,1
12.0754067109605,1,0,6.01543218363076,1,-80.4993821393521,-13.4138743359881,1,-4.65861064804252,1,1
8.37486182596013,0,0,4.07347900560126,1,0.625552571158767,-6.35734495784331,1,-1.87043735566549,0,0
11.8512654692875,1,0,7.32558212475851,1,-176.722290633931,-24.14799118155,1,4.67656085995957,1,1
11.1502165699893,0,0,7.95402948278934,0,-240.067006104639,-30.2264041056586,1,1.00332188986987,1,1
12.2155542899796,0,0,0.6330182030797,1,0.708872501318282,2.39840578745736,1,-5.09114051467041,1,0
11.9382775251483,1,0,1.4247884764336,1,4.9025905274801,3.39932727174496,1,-5.22290075726109,1,1
8.03309929852673,1,0,2.04210818512365,1,6.87666258217743,3.14814686699182,0,-1.42996248016134,0,1
11.882753912807,0,0,2.29067482752725,1,5.71171639204982,2.34699889702238,1,-5.24370299590519,1,1
6.93394120061835,0,0,1.86668426729739,0,0.38411648663262,1.46737199135963,1,8.17736771059036,1,0
14.6378490280326,0,0,7.74649191880599,1,-218.160220047506,-28.2049865399915,0,-7.09807686406374,1,1
12.284984927791,0,0,5.61597436200827,1,0.700964608632167,-16.2891978875263,1,4.82466658951715,1,0
3.97964763614833,0,1,2.68495020922273,1,5.17807972128788,1.91238171073895,1,1.11207374511287,0,1
14.4250010384348,0,0,6.26362116541713,1,0.141807516275972,-21.8039372860379,0,8.51969767928868,1,0
7.41491853804841,1,1,9.2461273027584,1,-410.494181856535,-44.4131195715953,1,0.777729117660783,0,1
18.1786000457856,0,0,4.63190035196021,1,0.223772012298508,-9.74305411145569,0,4.75883071877807,1,0
3.83332348869692,1,1,8.57037882087752,1,0.0831285229824936,-45.1408826737979,1,-1.11921242065728,0,0
0.112967509029865,1,1,4.6552751515992,1,-22.8049937701285,-4.90860016407995,1,-1.88128517160658,0,1
11.7776830419919,1,0,4.83826632611454,1,0.0873722428886289,-10.8838756045156,1,-4.70366548302816,1,0
12.1813040181921,0,0,4.87812506500632,1,0.207396365002901,-11.3363463556789,1,5.14370066045784,1,0
11.9609855139562,1,0,7.88673686562106,1,-232.785542921575,-29.6040846510775,1,-5.24522647235077,1,1
17.666085607511,0,0,3.51377685554326,0,-0.935221486580802,-0.294781440250104,0,-3.95610417603701,1,1
12.1293440616307,0,0,3.45456114038825,1,0.0715496097607687,-0.209692221317769,1,-4.73254455655813,1,1
2.47533569871472,1,1,9.00364125845954,1,-372.257513704554,-41.4292032622154,0,-1.29634923744015,0,1
6.45066184392653,1,0,8.6974331131205,0,-329.596085821023,-37.906042767232,1,-7.64066632270068,1,1
8.90386528901158,0,0,9.01714654406533,0,-374.714411726437,-41.5919161007999,1,3.62965525229275,1,1
19.4329142096989,1,0,2.28938210988417,1,5.48944790223502,2.35153644068228,0,1.76666709695756,1,1
12.0797749201904,0,0,6.64416613522917,0,-120.202863654152,-18.2017514837207,0,-8.8653443184793,1,1
6.08237846606678,1,1,5.92430824181065,1,0.103973123793533,-19.0529922964297,0,0.894464103854261,0,0
8.66672668975047,0,0,7.76815344113857,0,-221.213383855237,-28.496969225981,1,-2.36226573919412,0,1
8.51204543722359,1,0,4.81877711601555,1,-27.6073614503404,-5.73675557016492,0,-2.30288793840446,0,1
12.3590965402136,0,0,8.24084826977924,1,-273.797605285293,-33.3174822910885,1,4.93395059911534,1,1
0.360696219488677,1,1,1.40474400948733,1,0.0532688307897754,1.69431480559782,1,-1.72203104151413,0,0
8.9064373007184,0,1,9.83750394312665,1,0.0112216311939554,-61.6580392069664,1,0.664428120013326,0,0
0.215843197521359,1,1,2.10349528351799,1,6.630485466627,3.05701074341125,1,-1.78997238632292,0,1
11.7482781633662,1,0,7.9600415402092,1,0.424728828986179,-37.8408439033087,1,5.1240713332966,1,0
9.87884002268395,0,1,4.0757689345628,1,0.330436205020611,-6.97101710526412,1,-0.591677603777498,0,0
12.2998816429194,0,0,7.69358323421329,1,0.568412662310472,-35.1863639220458,1,-4.95674748564139,1,0
2.37995593216863,1,1,2.23830058705062,0,6.56683545941357,2.8893132845932,1,1.31181065179408,0,1
12.8389878479013,0,0,4.15399887831882,1,0.30026583215513,-6.91851807312328,0,9.68163630560785,1,0
16.6155002665217,1,0,9.70021930756047,1,-486.958737952116,-50.2037142967147,0,6.62309477672726,1,1
11.7301667146126,1,0,0.747907534241676,1,0.416487096070376,2.5516273762059,1,-5.02274328483734,1,0
1.59003420923939,0,1,8.48495509941131,0,0.323955683309186,-44.0191792479083,1,1.42626753309742,0,0
8.16044279678777,1,0,8.61761198379099,0,0.31779494701177,-45.5579190702294,1,4.50370590303838,1,0
0.143470579055944,0,1,0.0639232620596886,1,0.279212708926175,2.18610238561979,1,1.85280998784583,0,0
11.6442988026118,1,0,3.73529657488689,1,-5.08594094249439,-1.41962127112106,1,-4.91801058820682,1,1
18.8641133829803,1,0,2.20384100452065,1,0.275656229760062,0.311237353362167,0,3.61867459126562,1,0
7.6346683268229,1,0,1.67488566134125,0,5.99496131880906,3.12907319663296,1,-4.98421400684118,1,1
2.37112338620478,0,1,8.14930446678773,1,0.165395483232131,-40.4739242916014,1,1.30714529671241,0,0
3.95046211561414,0,1,2.60419478174299,1,0.624944193335372,-0.655987681430028,1,1.11477014538832,0,0
11.0842265734666,1,0,7.62801501434296,0,0.792537069544028,-34.416132623166,1,1.04952573411912,1,0
11.7484224583964,1,0,1.2849349132739,1,4.64272416646397,3.42489196985201,1,4.80614800729789,1,1
12.2248005257675,0,0,6.0372745944187,1,0.313327455794019,-19.7978844972731,1,-5.05723205297254,1,0
0.0390618447758599,1,1,0.450643170624971,1,1.30535977570589,2.71522750118724,0,-1.89858806005213,0,1
1.3536221414316,1,1,7.25950359366834,0,-170.425890831205,-23.5483907943969,0,-1.48043189954478,0,1
12.2607135517059,0,0,4.64283120119944,1,0.109900022341566,-9.95723743743942,1,5.00731206961907,1,0
19.4935448350361,0,0,0.384858376346529,1,1.45903498633572,2.40989022983154,0,0.0894279182776803,1,1
2.31166108250738,0,1,1.97905253618956,0,6.00645320193666,2.79625462602879,1,-1.32322557247244,0,1
9.01836786302019,1,0,3.31824916414917,1,2.90623571313687,0.806444889729886,0,2.81365104013821,0,1
7.21178244596566,0,0,4.60016506025568,0,-22.3702582851206,-4.89922402374492,1,-5.40960396538675,1,1
8.97557143664687,0,0,2.43732126895338,1,0.212449333494927,-0.248422193426755,1,-2.89187278174795,0,0
14.0161583615385,0,0,6.47889803629369,0,-108.066552821475,-16.7210533075445,0,8.92404086989164,1,1
11.0325610902398,0,0,0.0346415746025741,0,0.478835812806699,2.01846231686276,0,-9.45070238682628,1,0
5.09550523868066,0,1,9.24933929694816,0,0.674409576651211,-53.7485438449394,1,-1.00078965933062,0,0
7.41433928473627,0,1,7.84834758145735,1,0.458089646781549,-37.1069470311508,0,0.783979227649979,0,0
12.3138836501764,0,0,1.35580313391984,1,4.75668513576975,3.22876325451294,1,-4.90476125295041,1,1
0.29585736366587,1,1,4.56318128155544,1,0.0628773298855719,-9.29128458932235,1,1.77293377998285,0,0
0.836242371620377,0,1,1.54501484474167,0,5.34575239657303,3.40977622536723,1,-1.58617639564909,0,1
12.3626004035953,0,0,9.65632264735177,1,0.17167266058635,-59.4415121178807,1,-4.92779259726871,1,0
8.42611917138912,1,0,5.74857945786789,0,-66.8249725713304,-11.6783902786498,1,4.20393507097661,1,1
11.7412729457661,1,0,0.557905954774469,1,0.206207353305074,2.23352695534707,1,-4.83190215316135,1,0
11.7539793935669,1,0,8.9137474889867,1,-359.273140659841,-40.3492430738407,1,4.86532516486011,1,1
11.6404026157229,1,0,1.86067479429767,1,0.177132653243158,1.16185824610498,1,-5.02881597680273,1,0
8.20420918872336,1,1,0.839934900868684,1,2.6149327344865,2.96425429371586,1,0.717554015805945,0,1
19.5433328437369,1,0,7.74244805797935,1,0.146701184075078,-35.5266948705419,0,1.22365442671627,1,0
17.5478306561178,1,0,4.00043717585504,1,-8.87017812156164,-2.24274917183451,0,-4.19589344310761,1,1
7.60834138277712,1,1,9.41000486258417,1,0.0249420986171808,-55.7818122677688,0,-0.768785531981848,0,0
9.28273014517333,1,0,8.12412140425295,0,0.0100147496975075,-40.0291360098966,1,-9.41556888065487,1,0
18.1559850561075,1,0,1.09640370355919,1,3.88343864136794,3.30131720344262,0,-3.35060635945946,1,1
12.1276667071133,0,0,7.86196208326146,1,0.344972286031427,-37.0163543859573,1,4.71403383321129,1,0
11.5963538314575,1,0,8.81098568206653,1,-348.869127683635,-39.6235729662289,1,-4.86821723671397,1,1
11.6320235498525,1,0,6.38465662254021,1,-102.245879176449,-16.0505588949389,1,-5.02469582747202,1,1
7.60614137129719,0,0,1.23429677449167,0,0.318410492432498,2.43087853989557,1,0.872605570626911,0,0
12.2652818228063,0,0,3.91076526837423,0,0.170584599113871,-5.76838329130734,0,-8.74574473957717,1,0
9.2468188954702,1,0,8.86795863742009,1,0.0905730246427351,-48.9011154682996,1,3.1859470318188,0,0
16.8773142615593,1,0,1.06659698067233,1,4.16539978887763,3.64220294674138,0,6.36597580377757,1,1
11.6913604977658,1,0,9.03920186916366,1,-380.998505834719,-42.2369634785421,1,-4.97930600250606,1,1
17.5328180739283,0,0,0.366611883509904,1,1.49075048638391,3.141561507002,0,-4.24662226709724,1,1
2.32656340791561,1,1,0.832326856907457,0,0.170649833121567,2.27135688813586,1,1.31951494165696,0,0
11.9706504129796,1,0,6.94644222036004,1,-145.307246991339,-20.925037632753,1,-4.64028466935502,1,1
11.9223408738792,0,0,0.963627742603421,1,0.581119639693053,2.35321542588133,1,-5.22581901933998,1,0
16.2070920498104,0,0,8.46714495914057,1,-304.772339298683,-36.0074135512905,0,7.05256848231703,1,1
12.3559113889344,0,0,2.25773175945505,1,6.77325367206941,2.7493088333963,1,-4.90471910794964,1,1
11.8842279231967,1,0,2.14761631097645,1,0.153175131813653,0.528677209487688,1,-5.10324203237891,1,0
6.27793434086153,1,0,4.25609732512385,0,-13.356910814907,-3.20039254808944,1,6.93609871537238,1,1
1.15198849731355,0,1,2.07882155198604,1,0.0991342232808379,0.848710396325051,1,1.52824008965399,0,0
2.48965262925532,0,1,0.690878427121788,0,0.33154186295985,2.55617353627804,1,-1.29744779621251,0,0
12.2904632573633,0,0,5.75019881129265,1,0.383818048360078,-17.5591791102815,1,-5.07055590111297,1,0
19.1795503333416,1,0,8.72914840234444,1,0.242523197072912,-47.3130235095811,0,-1.51305545020104,1,0
11.8788969857882,1,0,2.95551552670076,1,4.1067725403826,1.18791643224089,1,5.15549618436024,1,1
12.1189129636864,0,0,9.89965453976765,1,0.0051466300463803,-62.5854306519419,1,-5.17932595815277,1,0
6.5448182336466,1,0,7.7308324445039,0,-215.884150767346,-27.9261618885745,1,6.35332422432303,1,1
6.89769398632747,0,0,9.93266502860934,0,0.524596262106955,-62.7838522024104,1,5.67921254885197,1,0
8.95015301957608,1,0,6.74927682150155,0,-127.074965908825,-18.9309648986598,1,-3.68265262237936,1,1
11.7930212118656,1,0,2.38757292972878,1,0.033495394417452,-0.0892977034019427,1,-4.94565225318307,1,0
11.038095004133,1,0,8.70999403065071,0,0.375378326547853,-47.357712220211,1,1.19164404560625,1,0
11.7969742682706,1,0,4.05918531119823,1,-10.0088636309929,-2.55681596292969,1,-5.14895106105832,1,1
18.5035657124686,0,0,3.28217961359769,1,1.31961315890056,0.301476584971973,0,-2.92247579797357,1,1
11.1424322255254,0,0,2.38228544592857,1,0.433375252558826,0.152897971139578,0,-9.43047265886515,1,0
0.815367629176861,1,1,2.5935233826749,0,5.39612946907201,2.07759191218078,1,-1.58382544608321,0,1
8.57204179617711,0,0,6.98070972925052,0,0.0963674135938374,-28.1487432427371,1,-9.17524388424307,1,0
11.6899750626523,1,0,3.08685829630122,1,0.0367101504730394,-2.61584460680393,1,4.90317302068695,1,0
18.9454007536842,1,0,2.29485867545009,0,0.0243192864131222,0.534994168447284,0,-2.20282168957591,1,0
11.6608461321769,1,0,0.467185555025935,1,1.92893589018387,3.00332792141972,1,-5.00016266734106,1,1
3.21495194314453,0,1,6.10604869201779,1,0.0337169808772034,-20.1259579391329,1,1.18989099434111,0,0
11.1007952188784,1,0,7.15158953564242,0,-158.808844715408,-22.2714445410418,1,-1.24288347448409,1,1
12.2002012545555,0,0,3.67991789942607,1,-2.13599417143934,-0.71711682197809,1,-4.87361168006668,1,1
19.5719079977331,0,0,1.19805983733386,1,4.13826598363497,3.43864787451718,0,0.369149237953126,1,1
12.7467908824685,0,0,6.12152782967314,1,-87.2924390090814,-14.3518948507312,0,-8.44616707313061,1,1
12.44557167919,0,0,1.02889457019046,1,3.14585756302672,2.9091696822011,0,-8.69331200971454,1,1
15.5935766405949,0,0,4.45672978414223,0,-17.5745927121084,-3.95182638208695,0,7.65019978032261,1,1
0.0584356889517529,0,1,0.828276691026986,0,2.52522348746726,2.94220293355619,1,-1.99388349649962,0,1
7.28780465800921,1,0,8.18344770232216,0,0.062278537685519,-40.43881245399,1,8.47537669454515,1,0
18.7594115998629,0,0,4.01557103265077,0,0.391489219574275,-6.22950653088995,0,3.82473289136589,1,0
7.54133170709053,0,0,3.0725703923963,0,4.08869798067785,1.17700541027779,1,-5.06130008856952,1,1
11.762941590141,1,0,6.16626024711877,1,-88.6183333377885,-14.4673688721575,1,-5.08896122400649,1,1
0.340053058011765,0,1,2.6383024523966,0,4.53925743801408,1.60023238598405,1,1.73868354735896,0,1
1.1694740868531,1,1,9.07005329616368,1,0.0947747232921734,-51.867472459966,0,-1.49804051755928,0,0
12.2606785003247,0,0,2.01192508684471,1,6.39989208154422,2.9572410849244,1,-4.77088172157062,1,1
15.0362515482262,0,0,7.03913441160694,1,-152.592937453414,-21.6822798906874,0,-6.76923882580549,1,1
0.327240648262167,0,1,3.90547067625448,1,0.442081293002482,-5.71898799115309,1,1.73392855934799,0,0
13.7183360194425,0,0,9.08642776543275,0,0.723110042988541,-51.5740006632153,0,9.06020251669735,1,0
6.64998591679284,0,0,9.5851502311416,0,-467.302376412979,-48.8076348570856,1,6.0491503924951,1,1
4.67242212933613,0,1,1.09454371035099,1,0.413816595593719,1.80283370630749,1,1.03379300632514,0,0
3.46146874045034,1,1,4.52774865785614,1,0.615783209753574,-8.83294925212949,1,1.16642927902285,0,0
10.3013737445242,1,0,5.8707900880836,0,0.0419219076781235,-18.1514219087167,1,2.37033754688501,1,0
0.0552170989048846,1,1,7.79638256877661,0,-223.104971365912,-28.6827579964481,0,-1.98542665108107,0,1
12.2742706872875,0,0,5.79249870497733,1,-66.504275548799,-11.5167298134983,1,-4.81076504525961,1,1
9.11864862692932,1,1,3.92898988444358,1,-9.11446691005165,-2.32437567522534,1,0.648443895275705,0,1
11.6893443828978,1,0,3.45931715099141,1,-1.54452862064453,-0.473643441473899,1,4.86829241194762,1,1
11.894349322634,1,0,7.19847755506635,1,-163.793273227283,-22.8046675983227,1,-5.17703167884378,1,1
7.91489667131361,1,0,0.44797481270507,0,1.92661743404367,2.99521709985355,1,1.33218948097201,0,1
