Site,Price,Mileage,Year
Carfax,14995,117752,2015
Carfax,21673,78678,2019
Carfax,14977,143397,2017
Carfax,33427,30930,2021
Carfax,24310,52988,2017
Carfax,24310,52988,2017
Carfax,14994,91408,2014
Carfax,34490,26905,2021
Carfax,15988,83105,2013
Carfax,6991,154791,2008
Carfax,29880,34303,2021
Carfax,16995,116735,2018
Carfax,41798,10337,2023
Carfax,35998,22863,2021
Carfax,36888,16919,2022
Carfax,23450,103874,2017
Carfax,11995,148500,2015
Carfax,15999,93164,2012
Carfax,15977,106861,2013
Carfax,11995,109910,2013
Carfax,38888,23915,2022
Carfax,12999,75911,2011
Carfax,11995,194931,2014
Carfax,7999,171575,2009
Carfax,11995,118084,2011
Carfax,13495,101683,2011
Carfax,10498,175890,2009
Carfax,5888,209650,2004
Carfax,39797,8551,2023
Carfax,17995,144995,2017
Carfax,11995,138708,2012
Carfax,8999,146576,2007
Carmax,22998,70000,2017
Carmax,30998,20000,2016
Carmax,18998,88000,2014
Carmax,23998,97000,2017
Carmax,29998,40000,2018
Carmax,29998,40000,2018
AutoList,27977,60715,2021
AutoList,25998,66131,2020
AutoList,23999,75205,23999
AutoList,35556,27416,2021
AutoList,32099,55087,2021
AutoList,25788,66649,2021
Truecar,10998,131000,2011
Truecar,39984,10000,2024
Truecar,16995,117000,2018
Truecar,7475,180000,2008
Truecar,22998,69000,2017
Truecar,19750,125000,2017
Truecar,11995,139000,11995
Truecar,48249,8000,2023
Truecar,43998,6000,2023
Truecar,10498,176000,2009
Truecar,8998,138000,2003
Truecar,19998,118000,2016
Truecar,19998,122000,2019
Truecar,8688,185000,2008
Truecar,30998,45000,2021
Truecar,22998,90000,2016
Truecar,28998,50000,2020
Truecar,24998,89000,2017
Truecar,33998,25000,2022
Truecar,25998,40000,2018
Truecar,35592,38000,2022
Truecar,16998,129000,2014
Truecar,28998,41000,2019
Truecar,29900,40000,2021
Truecar,18988,86000,2013
Truecar,36998,54000,2022